<?xml version="1.0" encoding="utf-8"?>
<beans xmlns="http://www.springframework.org/schema/beans"
	xmlns:xsi="http://www.w3.org/2001/XMLSchema-instance" xmlns:aop="http://www.springframework.org/schema/aop"
	xmlns:tx="http://www.springframework.org/schema/tx" xmlns:context="http://www.springframework.org/schema/context"
	xsi:schemaLocation="  
            http://www.springframework.org/schema/beans http://www.springframework.org/schema/beans/spring-beans-3.0.xsd  
            http://www.springframework.org/schema/aop http://www.springframework.org/schema/aop/spring-aop-3.0.xsd  
            http://www.springframework.org/schema/context http://www.springframework.org/schema/context/spring-context-3.0.xsd  
            http://www.springframework.org/schema/jee http://www.springframework.org/schema/jee/spring-jee-3.0.xsd  
            http://www.springframework.org/schema/tx http://www.springframework.org/schema/tx/spring-tx-3.0.xsd"
	default-autowire="byName" default-lazy-init="false">
	
	<bean id="dataSource" class="org.apache.commons.dbcp.BasicDataSource">
		<property name="driverClassName" value="com.mysql.jdbc.Driver" />
		<property name="url"
			value="jdbc:mysql://127.0.0.1:3306/yiibai?characterEncoding=utf8" />
		<property name="username" value="root" />
		<property name="password" value="" />
	</bean>

	<bean id="sqlSessionFactory" class="org.mybatis.spring.SqlSessionFactoryBean">
		<!--dataSource属性指定要用到的连接池-->
		<property name="dataSource" ref="dataSource" />
		<!--configLocation属性指定mybatis的核心配置文件-->
		<property name="configLocation" value="config/Configuration.xml" />
	</bean>

	<bean id="userMaper" class="org.mybatis.spring.mapper.MapperFactoryBean"> 
		<!--sqlSessionFactory属性指定要用到的SqlSessionFactory实例-->
		<property name="sqlSessionFactory" ref="sqlSessionFactory" />
		<!--mapperInterface属性指定映射器接口，用于实现此接口并生成映射器对象-->
		<property name="mapperInterface" value="com.yiibai.maper.UserMaper" />
	</bean>
</beans> 