<?xml version="1.0" encoding="UTF-8" ?>
<!DOCTYPE configuration PUBLIC "-//mybatis.org//DTD Config 3.0//EN"
"http://mybatis.org/dtd/mybatis-3-config.dtd">
<configuration>
	<typeAliases>
		<typeAlias alias="User" type="com.yiibai.pojo.User" />
		<typeAlias alias="Order" type="com.yiibai.pojo.Order" />
	</typeAliases>
	<!-- Mybatis和Spring 集成之后,这些可以完全删除（注释掉）,数据库连接的管理交给 Spring 来管理 -->
	<!--
		<environments default="development"> <environment id="development">
		<transactionManager type="JDBC"/> <dataSource type="POOLED"> <property
		name="driver" value="com.mysql.jdbc.Driver"/> <property name="url"
		value="jdbc:mysql://127.0.0.1:3306/yiibai?characterEncoding=utf8" />
		<property name="username" value="root"/> <property name="password"
		value=""/> </dataSource> </environment> </environments>
	-->
	<mappers>
		<mapper resource="com/yiibai/maper/UserMaper.xml" />
	</mappers>
</configuration>